<NFSe xmlns="http://www.sped.fazenda.gov.br/nfse" versao="1.00">

	<infNFSe id="ID31062001100005392612628000000000000019010153978386">

		<DPS xmlns="http://www.sped.fazenda.gov.br/nfse">

			<infDPS Id="ID310602438167190001085500000010001234567890" versao="1.00">
			...
			</infDPS>

			<Signature xmlns="http://www.w3.org/2000/09/xmldsig#">
			…
			</Signature>

		</DPS>

		<xLocEmi/>
		<xLocPrestacao/>
		<nNFSe/>
		<cLocIncid/>
		<xLocIncid/>
		<xTribNac/>
		<xTribMun/>
		<xNBS/>
		<verAplic/>
		<ambGer/>
		<tpEmis/>
		<procEmi/>
		<cStat/>
		<dhProc/>
		<nDFe/>
		

	</infNFSe>

	<Signature xmlns="http://www.w3.org/2000/09/xmldsig#">
	…
	</Signature>

</NFSe>
